{
  "baseline_params": 7828597,
  "results": [
    {
      "precision": "Original (Baseline)",
      "mean_time_ms": 22.7658748626709,
      "std_time_ms": 2.134076700610029,
      "min_time_ms": 17.165660858154297,
      "max_time_ms": 25.732040405273438,
      "model_size_mb": 63.209028244018555,
      "model_size_mb_dense": 29.91019058227539,
      "memory_usage_mb": 0.025,
      "meteor_score": 0.40459567281128905,
      "total_params": 7828597,
      "trainable_params": 6901589,
      "nonzero_params": 7828597,
      "sparsity": 0.0,
      "size_reduction": -111.32940651162504,
      "example_caption": "a dog on the beach is jumping into the water"
    },
    {
      "precision": "Structured-30%",
      "mean_time_ms": 35.64204216003418,
      "std_time_ms": 3.136336264459542,
      "min_time_ms": 25.342226028442383,
      "max_time_ms": 38.54012489318848,
      "model_size_mb": 49.46907997131348,
      "model_size_mb_dense": 23.039562225341797,
      "memory_usage_mb": 0.0121875,
      "meteor_score": 0.12012026818365598,
      "total_params": 6027503,
      "trainable_params": 5100495,
      "nonzero_params": 6027323,
      "sparsity": 0.2300660003318602,
      "size_reduction": -114.71362818214135,
      "example_caption": "a group of older men ride bicycles by another dog pulling an orange metal fire course by other bicycles"
    },
    {
      "precision": "Structured-30% (Fine-tuned)",
      "mean_time_ms": 32.583932876586914,
      "std_time_ms": 7.909102584776385,
      "min_time_ms": 26.082992553710938,
      "max_time_ms": 84.63716506958008,
      "model_size_mb": 49.47011756896973,
      "model_size_mb_dense": 23.039562225341797,
      "memory_usage_mb": 0.000625,
      "meteor_score": 0.25118946463840053,
      "total_params": 6027503,
      "trainable_params": 5100495,
      "nonzero_params": 6027503,
      "sparsity": 0.2300660003318602,
      "size_reduction": -114.71813172976132,
      "example_caption": "a man in a hat and glasses is sitting on a rock"
    }
  ]
}