{
  "baseline_params": 7828597,
  "results": [
    {
      "precision": "Original (Baseline)",
      "mean_time_ms": 18.284106254577637,
      "std_time_ms": 1.2808940060764857,
      "min_time_ms": 13.139963150024414,
      "max_time_ms": 23.54288101196289,
      "model_size_mb": 96.51253509521484,
      "model_size_mb_dense": 29.91019058227539,
      "memory_usage_mb": 0.021875,
      "meteor_score": 0.4158430481866825,
      "total_params": 7828597,
      "trainable_params": 6901589,
      "nonzero_params": 7828597,
      "sparsity": 0.0,
      "size_reduction": -222.67442372101644,
      "example_caption": "a white dog running in the water with mountains in the background"
    },
    {
      "precision": "Magnitude-10%",
      "mean_time_ms": 29.821572303771973,
      "std_time_ms": 10.922715800821393,
      "min_time_ms": 24.679899215698242,
      "max_time_ms": 105.31401634216309,
      "model_size_mb": 89.48006820678711,
      "model_size_mb_dense": 27.56551742553711,
      "memory_usage_mb": 0.243125,
      "meteor_score": 0.269822508516851,
      "total_params": 7213955,
      "trainable_params": 6286947,
      "nonzero_params": 7213955,
      "sparsity": 0.07851240777881396,
      "size_reduction": -224.60870160881302,
      "example_caption": "a child wearing red and a red shirt is swinging on a swing"
    },
    {
      "precision": "Magnitude-10% (Fine-tuned)",
      "mean_time_ms": 29.784870147705078,
      "std_time_ms": 2.4068418661434445,
      "min_time_ms": 23.287057876586914,
      "max_time_ms": 36.23819351196289,
      "model_size_mb": 89.48006820678711,
      "model_size_mb_dense": 27.56551742553711,
      "memory_usage_mb": 0.0628125,
      "meteor_score": 0.33959031229201597,
      "total_params": 7213955,
      "trainable_params": 6286947,
      "nonzero_params": 7213955,
      "sparsity": 0.07851240777881396,
      "size_reduction": -224.60870160881302,
      "example_caption": "two girls play on a beam in front of a white building"
    },
    {
      "precision": "Structured-10%",
      "mean_time_ms": 26.407971382141113,
      "std_time_ms": 13.12812304589312,
      "min_time_ms": 18.899917602539062,
      "max_time_ms": 113.84916305541992,
      "model_size_mb": 89.48006820678711,
      "model_size_mb_dense": 27.56551742553711,
      "memory_usage_mb": 0.0253125,
      "meteor_score": 0.37755722096877176,
      "total_params": 7213955,
      "trainable_params": 6286947,
      "nonzero_params": 7213955,
      "sparsity": 0.07851240777881396,
      "size_reduction": -224.60870160881302,
      "example_caption": "a black dog swimming in a lake"
    },
    {
      "precision": "Structured-10% (Fine-tuned)",
      "mean_time_ms": 41.41021728515625,
      "std_time_ms": 9.210236281508552,
      "min_time_ms": 30.125856399536133,
      "max_time_ms": 84.81717109680176,
      "model_size_mb": 89.48006820678711,
      "model_size_mb_dense": 27.56551742553711,
      "memory_usage_mb": 0.0046875,
      "meteor_score": 0.42553942451973664,
      "total_params": 7213955,
      "trainable_params": 6286947,
      "nonzero_params": 7213955,
      "sparsity": 0.07851240777881396,
      "size_reduction": -224.60870160881302,
      "example_caption": "a black dog runs along the grass with his tongue out"
    },
    {
      "precision": "Magnitude-30%",
      "mean_time_ms": 42.81628131866455,
      "std_time_ms": 14.605628131949164,
      "min_time_ms": 33.493995666503906,
      "max_time_ms": 110.08501052856445,
      "model_size_mb": 76.02774429321289,
      "model_size_mb_dense": 23.080371856689453,
      "memory_usage_mb": 0.095,
      "meteor_score": 0.18203413671932683,
      "total_params": 6038201,
      "trainable_params": 5111193,
      "nonzero_params": 6038201,
      "sparsity": 0.22869947194880513,
      "size_reduction": -229.4043300744201,
      "example_caption": "a group of people three men stand in front of three dogs carrying flags"
    },
    {
      "precision": "Magnitude-30% (Fine-tuned)",
      "mean_time_ms": 36.20698928833008,
      "std_time_ms": 4.0002554040704,
      "min_time_ms": 28.583049774169922,
      "max_time_ms": 49.955129623413086,
      "model_size_mb": 76.02774429321289,
      "model_size_mb_dense": 23.080371856689453,
      "memory_usage_mb": 0.0203125,
      "meteor_score": 0.28761672934650007,
      "total_params": 6038201,
      "trainable_params": 5111193,
      "nonzero_params": 6038201,
      "sparsity": 0.22869947194880513,
      "size_reduction": -229.4043300744201,
      "example_caption": "a woman in a brown long orange is holding a"
    },
    {
      "precision": "Structured-30%",
      "mean_time_ms": 36.688785552978516,
      "std_time_ms": 2.1507235674520806,
      "min_time_ms": 28.643131256103516,
      "max_time_ms": 40.89236259460449,
      "model_size_mb": 76.02774429321289,
      "model_size_mb_dense": 23.080371856689453,
      "memory_usage_mb": 0.0075,
      "meteor_score": 0.15973198631637825,
      "total_params": 6038201,
      "trainable_params": 5111193,
      "nonzero_params": 6038201,
      "sparsity": 0.22869947194880513,
      "size_reduction": -229.4043300744201,
      "example_caption": "a young man stars standing by a building between houses"
    },
    {
      "precision": "Structured-30% (Fine-tuned)",
      "mean_time_ms": 35.601677894592285,
      "std_time_ms": 3.8021740178715633,
      "min_time_ms": 28.258085250854492,
      "max_time_ms": 55.18817901611328,
      "model_size_mb": 76.02774429321289,
      "model_size_mb_dense": 23.080371856689453,
      "memory_usage_mb": 0.0075,
      "meteor_score": 0.17477825323713952,
      "total_params": 6038201,
      "trainable_params": 5111193,
      "nonzero_params": 6038201,
      "sparsity": 0.22869947194880513,
      "size_reduction": -229.4043300744201,
      "example_caption": "a is the of a white and green wooded area with flowers in the background one"
    },
    {
      "precision": "Magnitude-50%",
      "mean_time_ms": 19.828686714172363,
      "std_time_ms": 3.8659584317748124,
      "min_time_ms": 15.182018280029297,
      "max_time_ms": 38.9561653137207,
      "model_size_mb": 63.284507751464844,
      "model_size_mb_dense": 18.83157730102539,
      "memory_usage_mb": 0.040625,
      "meteor_score": 0.07724203829674407,
      "total_params": 4924405,
      "trainable_params": 3997397,
      "nonzero_params": 4924405,
      "sparsity": 0.3709722189046134,
      "size_reduction": -236.05526897642807,
      "example_caption": "a young boy wearing swim trunks smile off frame"
    },
    {
      "precision": "Magnitude-50% (Fine-tuned)",
      "mean_time_ms": 20.762629508972168,
      "std_time_ms": 4.192995363797745,
      "min_time_ms": 16.89910888671875,
      "max_time_ms": 41.896820068359375,
      "model_size_mb": 63.284507751464844,
      "model_size_mb_dense": 18.83157730102539,
      "memory_usage_mb": 0.87625,
      "meteor_score": 0.10905626581198542,
      "total_params": 4924405,
      "trainable_params": 3997397,
      "nonzero_params": 4924405,
      "sparsity": 0.3709722189046134,
      "size_reduction": -236.05526897642807,
      "example_caption": "a man in a black and white sports uniform a man number is a boy a man"
    },
    {
      "precision": "Structured-50%",
      "mean_time_ms": 32.37429141998291,
      "std_time_ms": 4.288005410191873,
      "min_time_ms": 27.01878547668457,
      "max_time_ms": 52.66094207763672,
      "model_size_mb": 63.284507751464844,
      "model_size_mb_dense": 18.83157730102539,
      "memory_usage_mb": 0.01875,
      "meteor_score": 0.09287954137593664,
      "total_params": 4924405,
      "trainable_params": 3997397,
      "nonzero_params": 4924405,
      "sparsity": 0.3709722189046134,
      "size_reduction": -236.05526897642807,
      "example_caption": "a man seated on couch under headphones watching pedestrians passing by men seated few seated men seated older men seated"
    },
    {
      "precision": "Structured-50% (Fine-tuned)",