{
  "baseline_params": 7828597,
  "results": [
    {
      "precision": "Original (Baseline)",
      "mean_time_ms": 26.01315975189209,
      "std_time_ms": 4.888627626455797,
      "min_time_ms": 18.020153045654297,
      "max_time_ms": 48.59614372253418,
      "model_size_mb": 63.209028244018555,
      "model_size_mb_dense": 29.91019058227539,
      "memory_usage_mb": 0.0284375,
      "meteor_score": 0.39077109425971995,
      "total_params": 7828597,
      "trainable_params": 6901589,
      "nonzero_params": 7828597,
      "sparsity": 0.0,
      "size_reduction": -111.32940651162504,
      "example_caption": "a young girl is preparing to blow on a dandelion in her hand"
    },
    {
      "precision": "Structured-30%",
      "mean_time_ms": 36.717472076416016,
      "std_time_ms": 5.035994910405754,
      "min_time_ms": 24.18208122253418,
      "max_time_ms": 41.564226150512695,
      "model_size_mb": 49.46907997131348,
      "model_size_mb_dense": 23.039562225341797,
      "memory_usage_mb": 0.0128125,
      "meteor_score": 0.1442194390472894,
      "total_params": 6027503,
      "trainable_params": 5100495,
      "nonzero_params": 6027323,
      "sparsity": 0.2300660003318602,
      "size_reduction": -114.71362818214135,
      "example_caption": "a woman is leaning over a large tree branch"
    },
    {
      "precision": "Structured-30% (Fine-tuned)",
      "mean_time_ms": 28.222579956054688,
      "std_time_ms": 4.033929545333397,
      "min_time_ms": 18.69988441467285,
      "max_time_ms": 34.53803062438965,
      "model_size_mb": 49.47011756896973,
      "model_size_mb_dense": 23.039562225341797,
      "memory_usage_mb": 0.0,
      "meteor_score": 0.24943384489194514,
      "total_params": 6027503,
      "trainable_params": 5100495,
      "nonzero_params": 6027503,
      "sparsity": 0.2300660003318602,
      "size_reduction": -114.71813172976132,
      "example_caption": "a man is swimming in a pool"
    }
  ]
}