{
  "Base Model": {
    "mean_latency_ms": 37.00049638748169,
    "median_latency_ms": 35.338521003723145,
    "min_latency_ms": 30.14397621154785,
    "max_latency_ms": 109.2078685760498,
    "std_latency_ms": 8.901936193100646,
    "cpu_memory_mb": 474.2171875,
    "gpu_memory_mb": 0.0,
    "total_memory_mb": 474.2171875,
    "total_params": 7828597,
    "model_size_mb": 29.91019058227539,
    "flops_millions": 15.657194,
    "meteor_score": 0.30479525027514326,
    "model_name": "Base Model"
  },
  "Base Model + FP16": {
    "mean_latency_ms": 63.80030155181885,
    "median_latency_ms": 62.11495399475098,
    "min_latency_ms": 52.04296112060547,
    "max_latency_ms": 126.51395797729492,
    "std_latency_ms": 9.733640915062866,
    "cpu_memory_mb": 502.908125,
    "gpu_memory_mb": 0.0,
    "total_memory_mb": 502.908125,
    "total_params": 7828597,
    "model_size_mb": 14.955224990844727,
    "flops_millions": 15.657194,
    "meteor_score": 0.30077581502629624,
    "model_name": "Base Model + FP16"
  }
}