{
  "Base Model": {
    "mean_latency_ms": 34.4043493270874,
    "median_latency_ms": 34.36386585235596,
    "min_latency_ms": 29.222965240478516,
    "max_latency_ms": 39.87002372741699,
    "std_latency_ms": 2.244089897746257,
    "cpu_memory_mb": 461.24171875,
    "gpu_memory_mb": 0.0,
    "total_memory_mb": 461.24171875,
    "total_params": 7828597,
    "model_size_mb": 29.91019058227539,
    "flops_millions": 15.657194,
    "meteor_score": 0.33110333282203663,
    "model_name": "Base Model"
  },
  "Base Model + FP16": {
    "mean_latency_ms": 60.38254499435425,
    "median_latency_ms": 59.777021408081055,
    "min_latency_ms": 49.661874771118164,
    "max_latency_ms": 111.30619049072266,
    "std_latency_ms": 7.200424986693086,
    "cpu_memory_mb": 486.51859375,
    "gpu_memory_mb": 0.0,
    "total_memory_mb": 486.51859375,
    "total_params": 7828597,
    "model_size_mb": 14.955224990844727,
    "flops_millions": 15.657194,
    "meteor_score": 0.3264089318497718,
    "model_name": "Base Model + FP16"
  },
  "Base Model + Pruning + FT": {
    "mean_latency_ms": 33.485376834869385,
    "median_latency_ms": 33.32102298736572,
    "min_latency_ms": 32.135009765625,
    "max_latency_ms": 36.48185729980469,
    "std_latency_ms": 0.7986446148987132,
    "cpu_memory_mb": 525.8371875,
    "gpu_memory_mb": 0.0,
    "total_memory_mb": 525.8371875,
    "total_params": 6027503,
    "model_size_mb": 23.039562225341797,
    "flops_millions": 12.055006,
    "meteor_score": 0.2704222957237495,
    "model_name": "Base Model + Pruning + FT"
  },
  "Base Model + Pruning + FT + FP16": {
    "mean_latency_ms": 54.893131256103516,
    "median_latency_ms": 54.40044403076172,
    "min_latency_ms": 48.56514930725098,
    "max_latency_ms": 62.95919418334961,
    "std_latency_ms": 3.4374903176975895,
    "cpu_memory_mb": 574.37484375,
    "gpu_memory_mb": 0.0,
    "total_memory_mb": 574.37484375,
    "total_params": 6027503,
    "model_size_mb": 11.51991081237793,
    "flops_millions": 12.055006,
    "meteor_score": 0.2710846430083878,
    "model_name": "Base Model + Pruning + FT + FP16"
  }
}