{
  "Base Model": {
    "mean_latency_ms": 34.74193811416626,
    "median_latency_ms": 34.52503681182861,
    "min_latency_ms": 28.66816520690918,
    "max_latency_ms": 39.99209403991699,
    "std_latency_ms": 2.2658508210360666,
    "cpu_memory_mb": 461.754375,
    "gpu_memory_mb": 0.0,
    "total_memory_mb": 461.754375,
    "total_params": 7828597,
    "model_size_mb": 29.91019058227539,
    "flops_millions": 15.657194,
    "meteor_score": 0.33110333282203663,
    "model_name": "Base Model"
  },
  "Base Model + FP16": {
    "mean_latency_ms": 61.63396596908569,
    "median_latency_ms": 61.200857162475586,
    "min_latency_ms": 50.623178482055664,
    "max_latency_ms": 101.19509696960449,
    "std_latency_ms": 6.6622948023095745,
    "cpu_memory_mb": 489.75359375,
    "gpu_memory_mb": 0.0,
    "total_memory_mb": 489.75359375,
    "total_params": 7828597,
    "model_size_mb": 14.955224990844727,
    "flops_millions": 15.657194,
    "meteor_score": 0.3264089318497718,
    "model_name": "Base Model + FP16"
  },
  "Base Model + Pruning + FT": {
    "mean_latency_ms": 34.529733657836914,
    "median_latency_ms": 33.808350563049316,
    "min_latency_ms": 30.961990356445312,
    "max_latency_ms": 44.487953186035156,
    "std_latency_ms": 2.13063740964153,
    "cpu_memory_mb": 534.8709375,
    "gpu_memory_mb": 0.0,
    "total_memory_mb": 534.8709375,
    "total_params": 6027503,
    "model_size_mb": 23.039562225341797,
    "flops_millions": 12.055006,
    "meteor_score": 0.2704222957237495,
    "model_name": "Base Model + Pruning + FT"
  },
  "Base Model + Pruning + FT + FP16": {
    "mean_latency_ms": 56.18461608886719,
    "median_latency_ms": 55.137038230895996,
    "min_latency_ms": 48.5081672668457,
    "max_latency_ms": 104.08997535705566,
    "std_latency_ms": 6.008682546195772,
    "cpu_memory_mb": 587.15625,
    "gpu_memory_mb": 0.0,
    "total_memory_mb": 587.15625,
    "total_params": 6027503,
    "model_size_mb": 11.51991081237793,
    "flops_millions": 12.055006,
    "meteor_score": 0.2710846430083878,
    "model_name": "Base Model + Pruning + FT + FP16"
  }
}