{
  "Base Model": {
    "mean_latency_ms": 37.49255895614624,
    "median_latency_ms": 36.70346736907959,
    "min_latency_ms": 33.19883346557617,
    "max_latency_ms": 61.21206283569336,
    "std_latency_ms": 3.648724347166456,
    "cpu_memory_mb": 469.37734375,
    "gpu_memory_mb": 0.0,
    "total_memory_mb": 469.37734375,
    "total_params": 7828597,
    "model_size_mb": 29.91019058227539,
    "flops_millions": 15.657194,
    "meteor_score": 0.33110333282203663,
    "model_name": "Base Model"
  },
  "Base Model + FP16": {
    "mean_latency_ms": 65.53631544113159,
    "median_latency_ms": 64.90063667297363,
    "min_latency_ms": 50.01688003540039,
    "max_latency_ms": 120.99575996398926,
    "std_latency_ms": 8.9766735978992,
    "cpu_memory_mb": 485.53234375,
    "gpu_memory_mb": 0.0,
    "total_memory_mb": 485.53234375,
    "total_params": 7828597,
    "model_size_mb": 14.955224990844727,
    "flops_millions": 15.657194,
    "meteor_score": 0.3264089318497718,
    "model_name": "Base Model + FP16"
  }
}